number_votes,share_votes,district,affiliation
26,0.05,Balassagyarmat,EU. ROM
24564,48.82,Balassagyarmat,FIDESZ-KDNP
224,0.45,Balassagyarmat,SMS
64,0.13,Balassagyarmat,MSZDP
1542,3.06,Balassagyarmat,LMP
195,0.39,Balassagyarmat,ZÖLDEK
10358,20.58,Balassagyarmat,MSZP-EGYÜTT-DK-PM-MLP
81,0.16,Balassagyarmat,SEM
280,0.56,Balassagyarmat,A HAZA NEM ELADÓ
37,0.07,Balassagyarmat,NÉP
85,0.17,Balassagyarmat,SZOCIÁLDEMOKRATÁK
166,0.33,Balassagyarmat,EGYÜTT 2014
74,0.15,Balassagyarmat,JESZ
55,0.11,Balassagyarmat,SZEM-NŐPÁRT
11256,22.37,Balassagyarmat,JOBBIK
93,0.18,Balassagyarmat,MCF
115,0.23,Balassagyarmat,FKGP
208,0.41,Balassagyarmat,KTI
223,0.44,Balassagyarmat,MCP
46,0.09,Balassagyarmat,ÖP
628,1.25,Balassagyarmat,MUNKÁSPÁRT
163,0.33,Salgótarján,SEM
269,0.55,Salgótarján,MCP
548,1.12,Salgótarján,Független
63,0.13,Salgótarján,FKGP
401,0.82,Salgótarján,A HAZA NEM ELADÓ
1286,2.63,Salgótarján,LMP
13140,26.87,Salgótarján,MSZP-EGYÜTT-DK-PM-MLP
18410,37.64,Salgótarján,FIDESZ-KDNP
11499,23.51,Salgótarján,JOBBIK
42,0.09,Salgótarján,EU. ROM
56,0.11,Salgótarján,KISGAZDAPÁRT-MIÉP
99,0.20,Salgótarján,Független
137,0.28,Salgótarján,SZOCIÁLDEMOKRATÁK
40,0.08,Salgótarján,Független
77,0.16,Salgótarján,MRPP
290,0.59,Salgótarján,KTI
25,0.05,Salgótarján,ÚDP
785,1.61,Salgótarján,MUNKÁSPÁRT
1210,2.47,Salgótarján,SMS
38,0.08,Salgótarján,EP
46,0.09,Salgótarján,Független
159,0.33,Salgótarján,ZÖLDEK
123,0.25,Salgótarján,JESZ
3312,6.94,Hódmezővásárhely,LMP
259,0.54,Hódmezővásárhely,ZÖLDEK
462,0.97,Hódmezővásárhely,MUNKÁSPÁRT
273,0.57,Hódmezővásárhely,EURÓPAI BALOLDAL
20792,43.57,Hódmezővásárhely,FIDESZ-KDNP
174,0.36,Hódmezővásárhely,SZOCIÁLDEMOKRATÁK
11824,24.78,Hódmezővásárhely,JOBBIK
72,0.15,Hódmezővásárhely,FKGP
97,0.20,Hódmezővásárhely,KISGAZDAPÁRT-MIÉP
505,1.06,Hódmezővásárhely,Független
172,0.36,Hódmezővásárhely,MGP
148,0.31,Hódmezővásárhely,KTI
9323,19.54,Hódmezővásárhely,MSZP-EGYÜTT-DK-PM-MLP
303,0.64,Hódmezővásárhely,A HAZA NEM ELADÓ
186,0.37,Komárom,ÖP
52,0.10,Komárom,MCP
203,0.41,Komárom,FKGP
2231,4.48,Komárom,LMP
9909,19.91,Komárom,JOBBIK
465,0.93,Komárom,SZEM-NŐPÁRT
23391,47.01,Komárom,FIDESZ-KDNP
380,0.76,Komárom,A HAZA NEM ELADÓ
330,0.66,Komárom,JESZ
12430,24.98,Komárom,MSZP-EGYÜTT-DK-PM-MLP
48,0.10,Komárom,ÚMP
53,0.11,Komárom,KMSZ
82,0.16,Komárom,ÚDP
23475,45.92,Esztergom,FIDESZ-KDNP
229,0.45,Esztergom,ÖP
639,1.25,Esztergom,Független
10141,19.84,Esztergom,JOBBIK
127,0.25,Esztergom,KTI
224,0.44,Esztergom,JESZ
2213,4.33,Esztergom,LMP
92,0.18,Esztergom,MSZDP
85,0.17,Esztergom,MCP
13896,27.18,Esztergom,MSZP-EGYÜTT-DK-PM-MLP
10926,29.61,Sárbogárd,JOBBIK
56,0.15,Sárbogárd,EU. ROM
298,0.81,Sárbogárd,Független
51,0.14,Sárbogárd,ÖP
270,0.73,Sárbogárd,MUNKÁSPÁRT
5781,15.67,Sárbogárd,MSZP-EGYÜTT-DK-PM-MLP
17576,47.63,Sárbogárd,FIDESZ-KDNP
80,0.22,Sárbogárd,MCP
464,1.26,Sárbogárd,ÉLŐLÁNC
98,0.27,Sárbogárd,KTI
48,0.13,Sárbogárd,SZOCIÁLDEMOKRATÁK
942,2.55,Sárbogárd,LMP
139,0.38,Sárbogárd,EGYÜTT 2014
33,0.09,Sárbogárd,EP
75,0.20,Sárbogárd,JESZ
40,0.11,Sárbogárd,ÚMP
21,0.06,Sárbogárd,AQP
454,0.97,Mezőkövesd,MCP
34,0.07,Mezőkövesd,EP
22124,47.20,Mezőkövesd,FIDESZ-KDNP
65,0.14,Mezőkövesd,ÖP
163,0.35,Mezőkövesd,SMS
102,0.22,Mezőkövesd,SZDP
91,0.19,Mezőkövesd,FKGP
245,0.52,Mezőkövesd,A HAZA NEM ELADÓ
8894,18.97,Mezőkövesd,MSZP-EGYÜTT-DK-PM-MLP
917,1.96,Mezőkövesd,LMP
353,0.75,Mezőkövesd,MUNKÁSPÁRT
12829,27.37,Mezőkövesd,JOBBIK
50,0.11,Mezőkövesd,JESZ
88,0.19,Mezőkövesd,SZOCIÁLDEMOKRATÁK
152,0.32,Mezőkövesd,ZÖLDEK
68,0.15,Mezőkövesd,EGYÜTT 2014
74,0.16,Mezőkövesd,SEM
23,0.05,Mezőkövesd,TBP
151,0.32,Mezőkövesd,KISGAZDAPÁRT-MIÉP
103,0.25,Dunaújváros,KTI
234,0.57,Dunaújváros,FKGP
44,0.11,Dunaújváros,NEMZETI ÉRDEKÉRT
205,0.50,Dunaújváros,SZOCIÁLDEMOKRATÁK
22,0.05,Dunaújváros,ÚMP
131,0.32,Dunaújváros,SZEM-NŐPÁRT
10422,25.22,Dunaújváros,JOBBIK
202,0.49,Dunaújváros,SEM
949,2.30,Dunaújváros,SMS
209,0.51,Dunaújváros,EGYÜTT 2014
14826,35.88,Dunaújváros,FIDESZ-KDNP
12128,29.35,Dunaújváros,MSZP-EGYÜTT-DK-PM-MLP
34,0.08,Dunaújváros,AQP
1811,4.38,Dunaújváros,LMP
183,0.41,Mosonmagyaróvár,ÖP
22460,50.38,Mosonmagyaróvár,FIDESZ-KDNP
70,0.16,Mosonmagyaróvár,KMSZ
311,0.70,Mosonmagyaróvár,SMS
8396,18.83,Mosonmagyaróvár,JOBBIK
9823,22.03,Mosonmagyaróvár,MSZP-EGYÜTT-DK-PM-MLP
34,0.08,Mosonmagyaróvár,ÚDP
2177,4.88,Mosonmagyaróvár,LMP
219,0.49,Mosonmagyaróvár,JESZ
361,0.81,Mosonmagyaróvár,MUNKÁSPÁRT
374,0.84,Mosonmagyaróvár,SEM
158,0.35,Mosonmagyaróvár,SZOCIÁLDEMOKRATÁK
19,0.04,Mosonmagyaróvár,ÚMP
75,0.15,Sopron,ÚDP
109,0.22,Sopron,SZOCIÁLDEMOKRATÁK
3097,6.34,Sopron,LMP
555,1.14,Sopron,SMS
72,0.15,Sopron,ÚMP
11601,23.76,Sopron,MSZP-EGYÜTT-DK-PM-MLP
315,0.65,Sopron,JESZ
133,0.27,Sopron,SZDP
24698,50.58,Sopron,FIDESZ-KDNP
8178,16.75,Sopron,JOBBIK
209,0.55,Szekszárd,SEM
112,0.29,Szekszárd,KTI
4182,10.93,Szekszárd,LMP
194,0.51,Szekszárd,SMS
15997,41.80,Szekszárd,FIDESZ-KDNP
7532,19.68,Szekszárd,JOBBIK
17,0.04,Szekszárd,MCF
115,0.30,Szekszárd,MCP
12,0.03,Szekszárd,ÚMP
75,0.20,Szekszárd,SZOCIÁLDEMOKRATÁK
9483,24.78,Szekszárd,MSZP-EGYÜTT-DK-PM-MLP
18,0.05,Szekszárd,MACSEP
32,0.08,Szekszárd,ÚDP
289,0.76,Szekszárd,A HAZA NEM ELADÓ
67,0.15,Nagykanizsa,EP
98,0.21,Nagykanizsa,ÖP
18279,39.57,Nagykanizsa,FIDESZ-KDNP
249,0.54,Nagykanizsa,MCP
217,0.47,Nagykanizsa,A HAZA NEM ELADÓ
23,0.05,Nagykanizsa,MRPP
202,0.44,Nagykanizsa,FKGP
299,0.65,Nagykanizsa,SEM
174,0.38,Nagykanizsa,KTI
18,0.04,Nagykanizsa,NOP
12024,26.03,Nagykanizsa,MSZP-EGYÜTT-DK-PM-MLP
184,0.40,Nagykanizsa,SMS
12601,27.28,Nagykanizsa,JOBBIK
169,0.37,Nagykanizsa,JESZ
69,0.15,Nagykanizsa,AQP
1516,3.28,Nagykanizsa,LMP
106,0.22,Tiszaújváros,SZOCIÁLDEMOKRATÁK
153,0.32,Tiszaújváros,EGYÜTT 2014
267,0.56,Tiszaújváros,MCP
56,0.12,Tiszaújváros,MACSEP
136,0.29,Tiszaújváros,SEM
193,0.41,Tiszaújváros,FKGP
1211,2.56,Tiszaújváros,LMP
19149,40.43,Tiszaújváros,FIDESZ-KDNP
11133,23.51,Tiszaújváros,MSZP-EGYÜTT-DK-PM-MLP
201,0.42,Tiszaújváros,A HAZA NEM ELADÓ
150,0.32,Tiszaújváros,Nemzeti Forr.Párt
343,0.72,Tiszaújváros,MUNKÁSPÁRT
92,0.19,Tiszaújváros,JESZ
14009,29.58,Tiszaújváros,JOBBIK
101,0.21,Tiszaújváros,ÖP
22,0.05,Tiszaújváros,ÚMP
40,0.08,Tiszaújváros,ÚDP
8606,23.34,Dombóvár,JOBBIK
67,0.18,Dombóvár,MKSZU
8816,23.91,Dombóvár,MSZP-EGYÜTT-DK-PM-MLP
23,0.06,Dombóvár,MACSEP
33,0.09,Dombóvár,AQP
1105,3.00,Dombóvár,LMP
128,0.35,Dombóvár,FKGP
17547,47.59,Dombóvár,FIDESZ-KDNP
218,0.59,Dombóvár,ZÖLDEK
83,0.23,Dombóvár,EGYÜTT 2014
242,0.66,Dombóvár,A HAZA NEM ELADÓ
76,0.21,Paks,MCP
7452,20.34,Paks,MSZP-EGYÜTT-DK-PM-MLP
24,0.07,Paks,MDU
231,0.63,Paks,A HAZA NEM ELADÓ
61,0.17,Paks,SZMP
1284,3.51,Paks,LMP
280,0.76,Paks,FKGP
9,0.02,Paks,HATMAP
8288,22.63,Paks,JOBBIK
18286,49.92,Paks,FIDESZ-KDNP
23,0.06,Paks,MACSEP
135,0.37,Paks,SZOCIÁLDEMOKRATÁK
115,0.31,Paks,KTI
219,0.60,Paks,SEM
31,0.08,Paks,"REND, SZABADSÁG"
115,0.31,Paks,SMS
173,0.41,Körmend,SEM
9379,22.02,Körmend,JOBBIK
279,0.66,Körmend,A HAZA NEM ELADÓ
1358,3.19,Körmend,LMP
43,0.10,Körmend,ÚDP
312,0.73,Körmend,SMS
26,0.06,Körmend,SZMP
98,0.23,Körmend,FKGP
25,0.06,Körmend,SZAVA
47,0.11,Körmend,MCP
107,0.25,Körmend,SZDP
50,0.12,Körmend,KMSZ
75,0.18,Körmend,JESZ
6318,14.84,Körmend,MSZP-EGYÜTT-DK-PM-MLP
25,0.06,Körmend,ÚMP
24271,56.99,Körmend,FIDESZ-KDNP
279,0.61,Szombathely,SMS
204,0.44,Szombathely,4K!
7034,15.34,Szombathely,JOBBIK
61,0.13,Szombathely,ÚMP
100,0.22,Szombathely,FKGP
20612,44.95,Szombathely,FIDESZ-KDNP
2841,6.20,Szombathely,LMP
262,0.57,Szombathely,KTI
100,0.22,Szombathely,JESZ
39,0.09,Szombathely,ÚDP
14049,30.64,Szombathely,MSZP-EGYÜTT-DK-PM-MLP
271,0.59,Szombathely,SEM
22792,52.01,Sárvár,FIDESZ-KDNP
126,0.29,Sárvár,ÚDP
107,0.24,Sárvár,SZOCIÁLDEMOKRATÁK
295,0.67,Sárvár,KTI
10570,24.12,Sárvár,MSZP-EGYÜTT-DK-PM-MLP
54,0.12,Sárvár,MCP
1686,3.85,Sárvár,LMP
317,0.72,Sárvár,ÚMP
104,0.24,Sárvár,ÖP
82,0.19,Sárvár,JESZ
7447,16.99,Sárvár,JOBBIK
193,0.44,Sárvár,KISGAZDAPÁRT-MIÉP
50,0.11,Sárvár,Nemzeti Forr.Párt
1359,3.20,Cegléd,LMP
67,0.16,Cegléd,JESZ
24,0.06,Cegléd,MRPP
117,0.28,Cegléd,ÉLŐLÁNC
8828,20.76,Cegléd,MSZP-EGYÜTT-DK-PM-MLP
12285,28.89,Cegléd,JOBBIK
66,0.16,Cegléd,SZOCIÁLDEMOKRATÁK
145,0.34,Cegléd,SMS
234,0.55,Cegléd,FKGP
54,0.13,Cegléd,MGP
46,0.11,Cegléd,MCP
260,0.61,Cegléd,A HAZA NEM ELADÓ
7,0.02,Cegléd,MKSZU
50,0.12,Cegléd,MSZDP
63,0.15,Cegléd,ÖP
18732,44.05,Cegléd,FIDESZ-KDNP
183,0.43,Cegléd,SEM
575,1.45,Siófok,ÉLŐLÁNC
45,0.11,Siófok,ÚMP
235,0.59,Siófok,A HAZA NEM ELADÓ
35,0.09,Siófok,ÚDP
154,0.39,Siófok,EGYÜTT 2014
18591,46.76,Siófok,FIDESZ-KDNP
246,0.62,Siófok,SMS
1556,3.91,Siófok,LMP
22,0.06,Siófok,MKSZU
75,0.19,Siófok,FKGP
78,0.20,Siófok,JESZ
177,0.45,Siófok,SEM
7838,19.71,Siófok,JOBBIK
9926,24.96,Siófok,MSZP-EGYÜTT-DK-PM-MLP
80,0.20,Siófok,ÚGP
129,0.32,Siófok,KTI
23486,48.37,Dabas,FIDESZ-KDNP
44,0.09,Dabas,EU. ROM
10003,20.60,Dabas,JOBBIK
70,0.14,Dabas,ÚDP
57,0.12,Dabas,EP
310,0.64,Dabas,SMS
103,0.21,Dabas,SZOCIÁLDEMOKRATÁK
2181,4.49,Dabas,LMP
287,0.59,Dabas,EGYÜTT 2014
111,0.23,Dabas,JESZ
38,0.08,Dabas,SZAVA
292,0.60,Dabas,SEM
191,0.39,Dabas,ÖP
11379,23.44,Dabas,MSZP-EGYÜTT-DK-PM-MLP
287,0.68,Monor,EGYÜTT 2014
41,0.10,Monor,TEMPO
152,0.36,Monor,SEM
113,0.27,Monor,KTI
99,0.24,Monor,FKGP
58,0.14,Monor,MCP
93,0.22,Monor,ÖP
19475,46.34,Monor,FIDESZ-KDNP
46,0.11,Monor,NEMZETI ÉRDEKÉRT
225,0.54,Monor,A HAZA NEM ELADÓ
17,0.04,Monor,AQP
16,0.04,Monor,MRPP
1515,3.61,Monor,LMP
166,0.40,Monor,ZÖLDEK
9046,21.53,Monor,MSZP-EGYÜTT-DK-PM-MLP
10648,25.34,Monor,JOBBIK
26,0.06,Monor,MDU
38,0.07,Szigetszentmiklós,MACSEP
22,0.04,Szigetszentmiklós,ÚMP
20946,40.26,Szigetszentmiklós,FIDESZ-KDNP
313,0.60,Szigetszentmiklós,ÖP
17134,32.93,Szigetszentmiklós,MSZP-EGYÜTT-DK-PM-MLP
13,0.02,Szigetszentmiklós,ÚDP
19,0.04,Szigetszentmiklós,MCP
2605,5.01,Szigetszentmiklós,LMP
218,0.42,Szigetszentmiklós,KTI
52,0.10,Szigetszentmiklós,NEMZETI ÉRDEKÉRT
202,0.39,Szigetszentmiklós,EGYÜTT 2014
6,0.01,Szigetszentmiklós,MCF
112,0.22,Szigetszentmiklós,SZOCIÁLDEMOKRATÁK
48,0.09,Szigetszentmiklós,KMSZ
260,0.50,Szigetszentmiklós,SEM
9578,18.41,Szigetszentmiklós,JOBBIK
182,0.35,Szigetszentmiklós,JESZ
277,0.53,Szigetszentmiklós,SMS
371,0.67,Gödöllő,SEM
11,0.02,Gödöllő,MRPP
10588,19.14,Gödöllő,JOBBIK
132,0.24,Gödöllő,JESZ
23745,42.92,Gödöllő,FIDESZ-KDNP
303,0.55,Gödöllő,SMS
52,0.09,Gödöllő,MCF
223,0.40,Gödöllő,KTI
9,0.02,Gödöllő,EU. ROM
14027,25.35,Gödöllő,MSZP-EGYÜTT-DK-PM-MLP
85,0.15,Gödöllő,MGP
217,0.39,Gödöllő,EGYÜTT 2014
121,0.22,Gödöllő,SZOCIÁLDEMOKRATÁK
679,1.23,Gödöllő,A HAZA NEM ELADÓ
3544,6.41,Gödöllő,LMP
900,1.63,Gödöllő,Független
177,0.32,Gödöllő,MCP
143,0.26,Gödöllő,FKGP
296,0.72,Nagykáta,A HAZA NEM ELADÓ
1183,2.88,Nagykáta,LMP
101,0.25,Nagykáta,ÖP
53,0.13,Nagykáta,MGP
20595,50.18,Nagykáta,FIDESZ-KDNP
93,0.23,Nagykáta,JESZ
184,0.45,Nagykáta,SMS
124,0.30,Nagykáta,KTI
65,0.16,Nagykáta,SZOCIÁLDEMOKRATÁK
10198,24.85,Nagykáta,JOBBIK
8047,19.61,Nagykáta,MSZP-EGYÜTT-DK-PM-MLP
104,0.25,Nagykáta,FKGP
2296,4.46,Vecsés,LMP
52,0.10,Vecsés,MDU
487,0.95,Vecsés,ZÖLDEK
147,0.29,Vecsés,ÖP
10098,19.62,Vecsés,JOBBIK
22109,42.96,Vecsés,FIDESZ-KDNP
14971,29.09,Vecsés,MSZP-EGYÜTT-DK-PM-MLP
75,0.15,Vecsés,EP
221,0.43,Vecsés,JESZ
116,0.23,Vecsés,SZOCIÁLDEMOKRATÁK
209,0.41,Vecsés,EGYÜTT 2014
29,0.06,Vecsés,ÚDP
492,0.96,Vecsés,A HAZA NEM ELADÓ
28,0.05,Vecsés,ÚMP
140,0.27,Vecsés,SZEM-NŐPÁRT
93,0.16,Dunakeszi,NEMZETI ÉRDEKÉRT
24344,41.33,Dunakeszi,FIDESZ-KDNP
223,0.38,Dunakeszi,4K!
277,0.47,Dunakeszi,JESZ
246,0.42,Dunakeszi,SZOCIÁLDEMOKRATÁK
4515,7.66,Dunakeszi,LMP
518,0.88,Dunakeszi,SEM
643,1.09,Dunakeszi,A HAZA NEM ELADÓ
9641,16.37,Dunakeszi,JOBBIK
18166,30.84,Dunakeszi,MSZP-EGYÜTT-DK-PM-MLP
240,0.41,Dunakeszi,KTI
295,0.62,Vác,MUNKÁSPÁRT
11767,24.80,Vác,MSZP-EGYÜTT-DK-PM-MLP
22193,46.78,Vác,FIDESZ-KDNP
77,0.16,Vác,KMSZ
45,0.09,Vác,TEMPO
24,0.05,Vác,ÚMP
9493,20.01,Vác,JOBBIK
299,0.63,Vác,A HAZA NEM ELADÓ
114,0.24,Vác,SZOCIÁLDEMOKRATÁK
303,0.64,Vác,ZÖLDEK
46,0.10,Vác,MKSZU
100,0.21,Vác,KTI
79,0.17,Vác,ÖP
147,0.31,Vác,SEM
53,0.11,Vác,MRPP
53,0.11,Vác,JESZ
1991,4.20,Vác,LMP
36,0.08,Vác,MGP
326,0.69,Vác,SMS
371,0.64,Szentendre,SEM
266,0.46,Szentendre,A HAZA NEM ELADÓ
321,0.55,Szentendre,EGYÜTT 2014
192,0.33,Szentendre,JESZ
339,0.59,Szentendre,SMS
72,0.12,Szentendre,MCF
8167,14.11,Szentendre,JOBBIK
4184,7.23,Szentendre,LMP
27,0.05,Szentendre,NEMZETI ÉRDEKÉRT
42,0.07,Szentendre,ÚMP
27364,47.28,Szentendre,FIDESZ-KDNP
132,0.23,Szentendre,ÖP
203,0.35,Szentendre,4K!
37,0.06,Szentendre,EP
413,0.71,Szentendre,ZÖLDEK
15434,26.67,Szentendre,MSZP-EGYÜTT-DK-PM-MLP
289,0.50,Szentendre,SZOCIÁLDEMOKRATÁK
23,0.04,Szentendre,ÚDP
345,1.01,Barcs,SMS
13,0.04,Barcs,ÚDP
278,0.81,Barcs,MCP
122,0.36,Barcs,FKGP
141,0.41,Barcs,EGYÜTT 2014
44,0.13,Barcs,ÚMP
141,0.41,Barcs,KTI
9,0.03,Barcs,HATMAP
8227,24.04,Barcs,JOBBIK
764,2.23,Barcs,LMP
15907,46.48,Barcs,FIDESZ-KDNP
137,0.40,Barcs,A HAZA NEM ELADÓ
54,0.16,Barcs,4K!
40,0.12,Barcs,JESZ
233,0.68,Barcs,MUNKÁSPÁRT
28,0.08,Barcs,ÖP
7592,22.18,Barcs,MSZP-EGYÜTT-DK-PM-MLP
57,0.17,Barcs,SZOCIÁLDEMOKRATÁK
42,0.12,Barcs,SZMP
52,0.15,Barcs,MEGÚJULÁSPÁRT
177,0.48,Marcali,SMS
63,0.17,Marcali,ÖP
1194,3.22,Marcali,LMP
135,0.36,Marcali,KTI
77,0.21,Marcali,JESZ
30,0.08,Marcali,ÚMP
197,0.53,Marcali,Független
8503,22.93,Marcali,JOBBIK
17616,47.51,Marcali,FIDESZ-KDNP
326,0.88,Marcali,A HAZA NEM ELADÓ
71,0.19,Marcali,SZOCIÁLDEMOKRATÁK
28,0.08,Marcali,SZMP
8497,22.91,Marcali,MSZP-EGYÜTT-DK-PM-MLP
22,0.06,Marcali,ÚDP
19,0.05,Marcali,AQP
127,0.34,Marcali,FKGP
28327,46.54,Budakeszi,FIDESZ-KDNP
227,0.37,Budakeszi,SZOCIÁLDEMOKRATÁK
6607,10.86,Budakeszi,LMP
6827,11.22,Budakeszi,JOBBIK
81,0.13,Budakeszi,MCP
456,0.75,Budakeszi,SMS
343,0.56,Budakeszi,A HAZA NEM ELADÓ
16290,26.76,Budakeszi,MSZP-EGYÜTT-DK-PM-MLP
1469,2.41,Budakeszi,Független
237,0.39,Budakeszi,EGYÜTT 2014
16524,40.43,Kaposvár,FIDESZ-KDNP
25,0.06,Kaposvár,ÚMP
93,0.23,Kaposvár,FKGP
168,0.41,Kaposvár,JESZ
235,0.58,Kaposvár,A HAZA NEM ELADÓ
188,0.46,Kaposvár,Független
40,0.10,Kaposvár,MGP
2058,5.04,Kaposvár,LMP
35,0.09,Kaposvár,ÚDP
239,0.58,Kaposvár,SMS
8931,21.85,Kaposvár,JOBBIK
11623,28.44,Kaposvár,MSZP-EGYÜTT-DK-PM-MLP
90,0.22,Kaposvár,Független
218,0.53,Kaposvár,ZÖLDEK
39,0.10,Kaposvár,SZMP
360,0.88,Kaposvár,SZOCIÁLDEMOKRATÁK
119,0.23,Budapest XXI.ker.,JESZ
46,0.09,Budapest XXI.ker.,ÚMP
52,0.10,Budapest XXI.ker.,MCF
22,0.04,Budapest XXI.ker.,ÚDP
9076,17.78,Budapest XXI.ker.,JOBBIK
18120,35.50,Budapest XXI.ker.,FIDESZ-KDNP
180,0.35,Budapest XXI.ker.,ÖP
165,0.32,Budapest XXI.ker.,SZOCIÁLDEMOKRATÁK
96,0.19,Budapest XXI.ker.,FKGP
553,1.08,Budapest XXI.ker.,MUNKÁSPÁRT
88,0.17,Budapest XXI.ker.,EP
73,0.14,Budapest XXI.ker.,MSZDP
384,0.75,Budapest XXI.ker.,SMS
53,0.10,Budapest XXI.ker.,MRPP
167,0.33,Budapest XXI.ker.,KTI
3076,6.03,Budapest XXI.ker.,LMP
159,0.31,Budapest XXI.ker.,4K!
44,0.09,Budapest XXI.ker.,NEMZETI ÉRDEKÉRT
18564,36.37,Budapest XXI.ker.,MSZP-EGYÜTT-DK-PM-MLP
8295,16.01,Érd,JOBBIK
118,0.23,Érd,ÉLŐLÁNC
60,0.12,Érd,MSZDP
151,0.29,Érd,4K!
2923,5.64,Érd,LMP
112,0.22,Érd,FKGP
241,0.47,Érd,SEM
22271,42.97,Érd,FIDESZ-KDNP
130,0.25,Érd,JESZ
16386,31.62,Érd,MSZP-EGYÜTT-DK-PM-MLP
412,0.79,Érd,SMS
14,0.03,Érd,MKSZU
455,0.88,Érd,ZÖLDEK
67,0.13,Érd,EP
16,0.03,Érd,SZAVA
35,0.07,Érd,MDU
139,0.27,Érd,SZDP
18507,38.37,Budapest XX.ker.,MSZP-EGYÜTT-DK-PM-MLP
26,0.05,Budapest XX.ker.,EU. ROM
116,0.24,Budapest XX.ker.,JESZ
7407,15.36,Budapest XX.ker.,JOBBIK
140,0.29,Budapest XX.ker.,ÖP
64,0.13,Budapest XX.ker.,EP
25,0.05,Budapest XX.ker.,NEMZETI ÉRDEKÉRT
17523,36.33,Budapest XX.ker.,FIDESZ-KDNP
61,0.13,Budapest XX.ker.,MCP
543,1.13,Budapest XX.ker.,Független
190,0.39,Budapest XX.ker.,SZOCIÁLDEMOKRATÁK
24,0.05,Budapest XX.ker.,ÚMP
2939,6.09,Budapest XX.ker.,LMP
295,0.61,Budapest XX.ker.,SMS
167,0.35,Budapest XX.ker.,KTI
23,0.05,Budapest XX.ker.,ÚDP
126,0.26,Budapest XX.ker.,MSZDP
61,0.13,Budapest XX.ker.,KMSZ
119,0.21,Budapest XXII.ker.,AQP
14,0.03,Budapest XXII.ker.,MRPP
123,0.22,Budapest XXII.ker.,JESZ
286,0.51,Budapest XXII.ker.,SMS
229,0.41,Budapest XXII.ker.,SZOCIÁLDEMOKRATÁK
499,0.90,Budapest XXII.ker.,ZÖLDEK
6784,12.18,Budapest XXII.ker.,JOBBIK
20523,36.86,Budapest XXII.ker.,MSZP-EGYÜTT-DK-PM-MLP
23189,41.64,Budapest XXII.ker.,FIDESZ-KDNP
179,0.32,Budapest XXII.ker.,KTI
3601,6.47,Budapest XXII.ker.,LMP
139,0.25,Budapest XXII.ker.,FKGP
333,0.64,Budapest XVII.ker.,KTI
17084,32.81,Budapest XVII.ker.,MSZP-EGYÜTT-DK-PM-MLP
386,0.74,Budapest XVII.ker.,EGYÜTT 2014
110,0.21,Budapest XVII.ker.,FKGP
22393,43.01,Budapest XVII.ker.,FIDESZ-KDNP
319,0.61,Budapest XVII.ker.,SEM
190,0.36,Budapest XVII.ker.,SZOCIÁLDEMOKRATÁK
232,0.45,Budapest XVII.ker.,JESZ
7427,14.26,Budapest XVII.ker.,JOBBIK
3395,6.52,Budapest XVII.ker.,LMP
50,0.10,Budapest XVII.ker.,ÚDP
38,0.07,Budapest XVII.ker.,ÚMP
113,0.22,Budapest XVII.ker.,ÉLŐLÁNC
20592,37.49,Budapest XVIII.ker.,MSZP-EGYÜTT-DK-PM-MLP
54,0.10,Budapest XVIII.ker.,MRPP
174,0.32,Budapest XVIII.ker.,JESZ
189,0.34,Budapest XVIII.ker.,KTI
3448,6.28,Budapest XVIII.ker.,LMP
319,0.58,Budapest XVIII.ker.,SEM
128,0.23,Budapest XVIII.ker.,SZOCIÁLDEMOKRATÁK
197,0.36,Budapest XVIII.ker.,EGYÜTT 2014
316,0.58,Budapest XVIII.ker.,SMS
44,0.08,Budapest XVIII.ker.,ÚMP
20648,37.60,Budapest XVIII.ker.,FIDESZ-KDNP
45,0.08,Budapest XVIII.ker.,ÚDP
67,0.12,Budapest XVIII.ker.,SZDP
8493,15.46,Budapest XVIII.ker.,JOBBIK
155,0.28,Budapest XVIII.ker.,A VÁLASZ
52,0.09,Budapest XVIII.ker.,MSZDP
36,0.07,Budapest IV.ker.,MKSZU
6529,12.67,Budapest IV.ker.,JOBBIK
220,0.43,Budapest IV.ker.,SZOCIÁLDEMOKRATÁK
20956,40.67,Budapest IV.ker.,MSZP-EGYÜTT-DK-PM-MLP
256,0.50,Budapest IV.ker.,A HAZA NEM ELADÓ
378,0.73,Budapest IV.ker.,SEM
121,0.23,Budapest IV.ker.,JESZ
18181,35.28,Budapest IV.ker.,FIDESZ-KDNP
3935,7.64,Budapest IV.ker.,LMP
84,0.16,Budapest IV.ker.,MCP
350,0.68,Budapest IV.ker.,MUNKÁSPÁRT
309,0.60,Budapest IV.ker.,SMS
178,0.35,Budapest IV.ker.,ÖP
252,0.49,Budapest XVI.ker.,4K!
19682,38.16,Budapest XVI.ker.,MSZP-EGYÜTT-DK-PM-MLP
21445,41.58,Budapest XVI.ker.,FIDESZ-KDNP
522,1.01,Budapest XVI.ker.,ÉLŐLÁNC
220,0.43,Budapest XVI.ker.,JESZ
195,0.38,Budapest XVI.ker.,ÖP
207,0.40,Budapest XVI.ker.,SZOCIÁLDEMOKRATÁK
5850,11.34,Budapest XVI.ker.,JOBBIK
3201,6.21,Budapest XVI.ker.,LMP
19633,38.24,Budapest III.ker.,MSZP-EGYÜTT-DK-PM-MLP
309,0.60,Budapest III.ker.,SZOCIÁLDEMOKRATÁK
4593,8.95,Budapest III.ker.,LMP
6815,13.27,Budapest III.ker.,JOBBIK
18394,35.82,Budapest III.ker.,FIDESZ-KDNP
443,0.86,Budapest III.ker.,EGYÜTT 2014
182,0.35,Budapest III.ker.,ÖP
149,0.29,Budapest III.ker.,JESZ
243,0.47,Budapest III.ker.,A HAZA NEM ELADÓ
585,1.14,Budapest III.ker.,ZÖLDEK
21697,39.88,Budapest XIV.ker.,MSZP-EGYÜTT-DK-PM-MLP
474,0.87,Budapest XIV.ker.,KTI
368,0.68,Budapest XIV.ker.,MUNKÁSPÁRT
201,0.37,Budapest XIV.ker.,JESZ
1006,1.85,Budapest XIV.ker.,ÉLŐLÁNC
19772,36.34,Budapest XIV.ker.,FIDESZ-KDNP
5924,10.89,Budapest XIV.ker.,JOBBIK
4961,9.12,Budapest XIV.ker.,LMP
213,0.42,Budapest XV.ker.,KTI
18955,37.75,Budapest XV.ker.,FIDESZ-KDNP
18678,37.19,Budapest XV.ker.,MSZP-EGYÜTT-DK-PM-MLP
366,0.73,Budapest XV.ker.,ZÖLDEK
332,0.66,Budapest XV.ker.,SMS
168,0.33,Budapest XV.ker.,KISGAZDAPÁRT-MIÉP
184,0.37,Budapest XV.ker.,JESZ
278,0.55,Budapest XV.ker.,SZOCIÁLDEMOKRATÁK
3306,6.58,Budapest XV.ker.,LMP
250,0.50,Budapest XV.ker.,A HAZA NEM ELADÓ
7488,14.91,Budapest XV.ker.,JOBBIK
32,0.06,Budapest X.ker.,ÚDP
6975,13.88,Budapest X.ker.,JOBBIK
33,0.07,Budapest X.ker.,MCP
3356,6.68,Budapest X.ker.,LMP
20,0.04,Budapest X.ker.,EU. ROM
168,0.33,Budapest X.ker.,JESZ
286,0.57,Budapest X.ker.,EGYÜTT 2014
18851,37.51,Budapest X.ker.,FIDESZ-KDNP
100,0.20,Budapest X.ker.,FKGP
349,0.69,Budapest X.ker.,SMS
138,0.27,Budapest X.ker.,EP
389,0.77,Budapest X.ker.,MUNKÁSPÁRT
19501,38.81,Budapest X.ker.,MSZP-EGYÜTT-DK-PM-MLP
26,0.05,Budapest X.ker.,MCF
26,0.05,Budapest X.ker.,ÚMP
15437,36.96,Budapest VIII.ker.,MSZP-EGYÜTT-DK-PM-MLP
43,0.10,Budapest VIII.ker.,ÚDP
187,0.45,Budapest VIII.ker.,SZOCIÁLDEMOKRATÁK
5560,13.31,Budapest VIII.ker.,JOBBIK
113,0.27,Budapest VIII.ker.,JESZ
3474,8.32,Budapest VIII.ker.,LMP
122,0.29,Budapest VIII.ker.,KTI
293,0.70,Budapest VIII.ker.,ZÖLDEK
212,0.51,Budapest VIII.ker.,MCP
29,0.07,Budapest VIII.ker.,ÚMP
323,0.77,Budapest VIII.ker.,Független
15977,38.25,Budapest VIII.ker.,FIDESZ-KDNP
432,0.80,Budapest II.ker.,ÖP
24928,45.90,Budapest II.ker.,FIDESZ-KDNP
20750,38.21,Budapest II.ker.,MSZP-EGYÜTT-DK-PM-MLP
3583,6.60,Budapest II.ker.,JOBBIK
4618,8.50,Budapest II.ker.,LMP
479,0.91,Budapest XII.ker.,SEM
139,0.26,Budapest XII.ker.,FKGP
269,0.51,Budapest XII.ker.,4K!
5321,10.11,Budapest XII.ker.,LMP
3220,6.12,Budapest XII.ker.,JOBBIK
157,0.30,Budapest XII.ker.,KTI
24610,46.78,Budapest XII.ker.,FIDESZ-KDNP
18414,35.00,Budapest XII.ker.,MSZP-EGYÜTT-DK-PM-MLP
321,0.68,Budapest V.ker.,SZOCIÁLDEMOKRATÁK
6482,13.65,Budapest V.ker.,LMP
21503,45.29,Budapest V.ker.,FIDESZ-KDNP
3713,7.82,Budapest V.ker.,JOBBIK
15459,32.56,Budapest V.ker.,MSZP-EGYÜTT-DK-PM-MLP
4291,8.02,Budapest XI.ker.,JOBBIK
23963,44.78,Budapest XI.ker.,FIDESZ-KDNP
207,0.39,Budapest XI.ker.,JESZ
4615,8.62,Budapest XI.ker.,LMP
19643,36.71,Budapest XI.ker.,MSZP-EGYÜTT-DK-PM-MLP
262,0.49,Budapest XI.ker.,MUNKÁSPÁRT
534,1.00,Budapest XI.ker.,SEM
331,0.62,Budapest XIII.ker.,SMS
27514,51.25,Budapest XIII.ker.,MSZP-EGYÜTT-DK-PM-MLP
386,0.72,Budapest XIII.ker.,SEM
110,0.20,Budapest XIII.ker.,JESZ
128,0.24,Budapest XIII.ker.,SZOCIÁLDEMOKRATÁK
4640,8.64,Budapest XIII.ker.,JOBBIK
45,0.08,Budapest XIII.ker.,MSZDP
16453,30.65,Budapest XIII.ker.,FIDESZ-KDNP
62,0.12,Budapest XIII.ker.,EP
129,0.24,Budapest XIII.ker.,ÖP
3821,7.12,Budapest XIII.ker.,LMP
67,0.12,Budapest XIII.ker.,MCP
227,0.54,Nyírbátor,Független
11852,28.16,Nyírbátor,JOBBIK
58,0.14,Nyírbátor,ÖP
266,0.63,Nyírbátor,MCP
11,0.03,Nyírbátor,SZMP
108,0.26,Nyírbátor,JESZ
51,0.12,Nyírbátor,KISGAZDAPÁRT-MIÉP
147,0.35,Nyírbátor,A HAZA NEM ELADÓ
51,0.12,Nyírbátor,SEM
94,0.22,Nyírbátor,SZOCIÁLDEMOKRATÁK
19768,46.97,Nyírbátor,FIDESZ-KDNP
8298,19.72,Nyírbátor,MSZP-EGYÜTT-DK-PM-MLP
125,0.30,Nyírbátor,FKGP
41,0.10,Nyírbátor,MGP
587,1.39,Nyírbátor,LMP
51,0.12,Nyírbátor,EU. ROM
85,0.20,Nyírbátor,ZÖLDEK
51,0.12,Nyírbátor,TBP
19,0.05,Nyírbátor,KTI
195,0.46,Nyírbátor,SMS
23113,52.94,Vásárosnamény,FIDESZ-KDNP
122,0.28,Vásárosnamény,FKGP
24,0.05,Vásárosnamény,NEMZETI ÉRDEKÉRT
154,0.35,Vásárosnamény,KTI
11516,26.38,Vásárosnamény,JOBBIK
28,0.06,Vásárosnamény,EP
123,0.28,Vásárosnamény,JESZ
167,0.38,Vásárosnamény,MCP
101,0.23,Vásárosnamény,ZÖLDEK
67,0.15,Vásárosnamény,EGYÜTT 2014
105,0.24,Vásárosnamény,A HAZA NEM ELADÓ
226,0.52,Vásárosnamény,SZOCIÁLDEMOKRATÁK
39,0.09,Vásárosnamény,KISGAZDAPÁRT-MIÉP
6930,15.87,Vásárosnamény,MSZP-EGYÜTT-DK-PM-MLP
35,0.08,Vásárosnamény,ÖP
449,1.03,Vásárosnamény,LMP
155,0.35,Vásárosnamény,SMS
45,0.10,Vásárosnamény,Független
263,0.60,Vásárosnamény,MUNKÁSPÁRT
22257,48.64,Kisvárda,FIDESZ-KDNP
324,0.71,Kisvárda,MUNKÁSPÁRT
127,0.28,Kisvárda,SZOCIÁLDEMOKRATÁK
113,0.25,Kisvárda,KISGAZDAPÁRT-MIÉP
785,1.72,Kisvárda,LMP
12276,26.83,Kisvárda,JOBBIK
262,0.57,Kisvárda,MCP
138,0.30,Kisvárda,SMS
287,0.63,Kisvárda,ZÖLDEK
8707,19.03,Kisvárda,MSZP-EGYÜTT-DK-PM-MLP
179,0.39,Kisvárda,JESZ
41,0.09,Kisvárda,SEM
49,0.11,Kisvárda,ÖP
212,0.46,Kisvárda,A HAZA NEM ELADÓ
17256,38.68,Budapest VII.ker.,MSZP-EGYÜTT-DK-PM-MLP
4661,10.45,Budapest VII.ker.,JOBBIK
16983,38.06,Budapest VII.ker.,FIDESZ-KDNP
5348,11.99,Budapest VII.ker.,LMP
369,0.83,Budapest VII.ker.,JESZ
145,0.34,Nyíregyháza,JESZ
211,0.50,Nyíregyháza,A HAZA NEM ELADÓ
79,0.19,Nyíregyháza,Független
50,0.12,Nyíregyháza,EU. ROM
11755,27.64,Nyíregyháza,JOBBIK
110,0.26,Nyíregyháza,ÖP
60,0.14,Nyíregyháza,SZOCIÁLDEMOKRATÁK
178,0.42,Nyíregyháza,ZÖLDEK
957,2.25,Nyíregyháza,LMP
79,0.19,Nyíregyháza,KTI
558,1.31,Nyíregyháza,KISGAZDAPÁRT-MIÉP
239,0.56,Nyíregyháza,SMS
24,0.06,Nyíregyháza,TBP
279,0.66,Nyíregyháza,Független
9485,22.30,Nyíregyháza,MSZP-EGYÜTT-DK-PM-MLP
18322,43.08,Nyíregyháza,FIDESZ-KDNP
95,0.22,Mátészalka,JESZ
26,0.06,Mátészalka,EU. ROM
7799,18.22,Mátészalka,MSZP-EGYÜTT-DK-PM-MLP
28,0.07,Mátészalka,ÖP
194,0.45,Mátészalka,MUNKÁSPÁRT
62,0.14,Mátészalka,KISGAZDAPÁRT-MIÉP
21721,50.75,Mátészalka,FIDESZ-KDNP
494,1.15,Mátészalka,LMP
20,0.05,Mátészalka,MRPP
47,0.11,Mátészalka,FKGP
175,0.41,Mátészalka,SMS
40,0.09,Mátészalka,SEM
50,0.12,Mátészalka,SZOCIÁLDEMOKRATÁK
65,0.15,Mátészalka,ZÖLDEK
11632,27.18,Mátészalka,JOBBIK
231,0.54,Mátészalka,MCP
118,0.28,Mátészalka,A HAZA NEM ELADÓ
14,0.03,Nyíregyháza,ÚDP
8,0.02,Nyíregyháza,ÚMP
15781,32.29,Nyíregyháza,MSZP-EGYÜTT-DK-PM-MLP
64,0.13,Nyíregyháza,KALÓZPÁRT
157,0.32,Nyíregyháza,SEM
168,0.34,Nyíregyháza,ZÖLDEK
1881,3.85,Nyíregyháza,LMP
73,0.15,Nyíregyháza,KISGAZDAPÁRT-MIÉP
58,0.12,Nyíregyháza,KTI
600,1.23,Nyíregyháza,SMS
110,0.23,Nyíregyháza,EGYÜTT 2014
397,0.81,Nyíregyháza,A HAZA NEM ELADÓ
124,0.25,Nyíregyháza,Független
11138,22.79,Nyíregyháza,JOBBIK
198,0.41,Nyíregyháza,MCP
115,0.24,Nyíregyháza,SZOCIÁLDEMOKRATÁK
37,0.08,Nyíregyháza,NEMZETI ÉRDEKÉRT
17484,35.78,Nyíregyháza,FIDESZ-KDNP
36,0.07,Nyíregyháza,EP
77,0.16,Nyíregyháza,FKGP
225,0.46,Nyíregyháza,ÖP
127,0.26,Nyíregyháza,JESZ
59,0.11,Zalaegerszeg,MGP
12381,24.08,Zalaegerszeg,MSZP-EGYÜTT-DK-PM-MLP
42,0.08,Zalaegerszeg,ÚDP
46,0.09,Zalaegerszeg,ÚMP
31,0.06,Zalaegerszeg,MDU
10957,21.31,Zalaegerszeg,JOBBIK
35,0.07,Zalaegerszeg,HATMAP
29,0.06,Zalaegerszeg,"REND, SZABADSÁG"
1382,2.69,Zalaegerszeg,Független
79,0.15,Zalaegerszeg,MCP
133,0.26,Zalaegerszeg,SZOCIÁLDEMOKRATÁK
54,0.11,Zalaegerszeg,MSZDP
2196,4.27,Zalaegerszeg,LMP
25,0.05,Zalaegerszeg,SZAVA
636,1.24,Zalaegerszeg,SMS
235,0.46,Zalaegerszeg,FKGP
117,0.23,Zalaegerszeg,SZMP
22816,44.38,Zalaegerszeg,FIDESZ-KDNP
163,0.32,Zalaegerszeg,EP
302,0.67,Keszthely,FKGP
173,0.38,Keszthely,SMS
36,0.08,Keszthely,ÚDP
1792,3.95,Keszthely,LMP
133,0.29,Keszthely,MCP
8943,19.72,Keszthely,MSZP-EGYÜTT-DK-PM-MLP
10985,24.22,Keszthely,JOBBIK
22351,49.28,Keszthely,FIDESZ-KDNP
96,0.21,Keszthely,ÚMP
378,0.83,Keszthely,A HAZA NEM ELADÓ
35,0.08,Keszthely,MRPP
132,0.29,Keszthely,JESZ
12131,27.32,Szigetvár,MSZP-EGYÜTT-DK-PM-MLP
134,0.30,Szigetvár,KTI
63,0.14,Szigetvár,MGP
1439,3.24,Szigetvár,LMP
73,0.16,Szigetvár,TEMPO
173,0.39,Szigetvár,JESZ
7,0.02,Szigetvár,ÚDP
359,0.81,Szigetvár,A HAZA NEM ELADÓ
117,0.26,Szigetvár,EURÓPAI BALOLDAL
19563,44.06,Szigetvár,FIDESZ-KDNP
40,0.09,Szigetvár,SZMP
139,0.31,Szigetvár,Független
10,0.02,Szigetvár,ÚMP
117,0.26,Szigetvár,SZOCIÁLDEMOKRATÁK
113,0.25,Szigetvár,SEM
51,0.11,Szigetvár,HATMAP
49,0.11,Szigetvár,KMSZ
45,0.10,Szigetvár,MRPP
58,0.13,Szigetvár,ÖP
71,0.16,Szigetvár,EGYIKSEM
170,0.38,Szigetvár,MCP
9081,20.45,Szigetvár,JOBBIK
25,0.06,Szigetvár,MDU
39,0.09,Szigetvár,EU. ROM
220,0.50,Szigetvár,FKGP
114,0.26,Szigetvár,SMS
484,1.12,Mohács,Független
76,0.18,Mohács,KMSZ
41,0.10,Mohács,ÚMP
37,0.09,Mohács,ÚDP
8983,20.88,Mohács,MSZP-EGYÜTT-DK-PM-MLP
113,0.26,Mohács,SZOCIÁLDEMOKRATÁK
8137,18.91,Mohács,JOBBIK
135,0.31,Mohács,MCP
247,0.57,Mohács,KTI
1890,4.39,Mohács,LMP
190,0.44,Mohács,SEM
145,0.34,Mohács,SMS
332,0.77,Mohács,MUNKÁSPÁRT
84,0.20,Mohács,JESZ
21625,50.26,Mohács,FIDESZ-KDNP
30,0.07,Mohács,EU. ROM
30,0.07,Mohács,TEMPO
368,0.86,Mohács,A HAZA NEM ELADÓ
76,0.18,Mohács,ÖP
9931,20.68,Pécs,JOBBIK
38,0.08,Pécs,MACSEP
17413,36.27,Pécs,FIDESZ-KDNP
259,0.54,Pécs,SEM
26,0.05,Pécs,ÚDP
285,0.59,Pécs,KTI
35,0.07,Pécs,ÚMP
15334,31.94,Pécs,MSZP-EGYÜTT-DK-PM-MLP
136,0.28,Pécs,JESZ
132,0.27,Pécs,FKGP
3650,7.60,Pécs,LMP
216,0.45,Pécs,SZOCIÁLDEMOKRATÁK
459,0.96,Pécs,A HAZA NEM ELADÓ
101,0.21,Pécs,ÖP
306,0.60,Pécs,SEM
125,0.25,Pécs,Független
43,0.08,Pécs,Független
48,0.09,Pécs,SZAVA
505,1.00,Pécs,A HAZA NEM ELADÓ
238,0.47,Pécs,SMS
4489,8.85,Pécs,LMP
233,0.46,Pécs,SZOCIÁLDEMOKRATÁK
179,0.35,Pécs,JESZ
8379,16.53,Pécs,JOBBIK
70,0.14,Pécs,TEMPO
18855,37.19,Pécs,FIDESZ-KDNP
74,0.15,Pécs,Független
16706,32.95,Pécs,MSZP-EGYÜTT-DK-PM-MLP
124,0.24,Pécs,FKGP
329,0.65,Pécs,KTI
11769,27.34,Tapolca,MSZP-EGYÜTT-DK-PM-MLP
181,0.42,Tapolca,SEM
234,0.54,Tapolca,A HAZA NEM ELADÓ
44,0.10,Tapolca,MCP
38,0.09,Tapolca,ÚMP
232,0.54,Tapolca,KTI
147,0.34,Tapolca,SZOCIÁLDEMOKRATÁK
80,0.19,Tapolca,ÉLŐLÁNC
96,0.22,Tapolca,JESZ
10110,23.49,Tapolca,JOBBIK
34,0.08,Tapolca,ÚDP
18570,43.14,Tapolca,FIDESZ-KDNP
47,0.11,Tapolca,MGP
65,0.15,Tapolca,ÖP
1276,2.96,Tapolca,LMP
32,0.07,Tapolca,EU. ROM
87,0.20,Tapolca,ÚGP
10030,22.98,Pápa,JOBBIK
28,0.06,Pápa,ÚDP
164,0.38,Pápa,JESZ
53,0.12,Pápa,ÚMP
62,0.14,Pápa,MCP
176,0.40,Pápa,ZÖLDEK
1274,2.92,Pápa,LMP
9485,21.73,Pápa,MSZP-EGYÜTT-DK-PM-MLP
22246,50.98,Pápa,FIDESZ-KDNP
123,0.28,Pápa,EP
7005,16.69,Csorna,MSZP-EGYÜTT-DK-PM-MLP
1268,3.02,Csorna,LMP
108,0.26,Csorna,JESZ
24707,58.85,Csorna,FIDESZ-KDNP
58,0.14,Csorna,ÚDP
153,0.36,Csorna,EGYÜTT 2014
40,0.10,Csorna,ÚMP
166,0.40,Csorna,KISGAZDAPÁRT-MIÉP
8478,20.19,Csorna,JOBBIK
7714,17.33,Győr,JOBBIK
59,0.13,Győr,ÚMP
24593,55.25,Győr,FIDESZ-KDNP
179,0.40,Győr,SZOCIÁLDEMOKRATÁK
9278,20.84,Győr,MSZP-EGYÜTT-DK-PM-MLP
2089,4.69,Győr,LMP
314,0.71,Győr,SMS
288,0.65,Győr,JESZ
383,0.84,Balatonfüred,SEM
12428,27.19,Balatonfüred,MSZP-EGYÜTT-DK-PM-MLP
196,0.43,Balatonfüred,JESZ
50,0.11,Balatonfüred,ÚMP
300,0.66,Balatonfüred,A HAZA NEM ELADÓ
46,0.10,Balatonfüred,MDU
35,0.08,Balatonfüred,ÚDP
148,0.32,Balatonfüred,ÖP
154,0.34,Balatonfüred,SZOCIÁLDEMOKRATÁK
12,0.03,Balatonfüred,"REND, SZABADSÁG"
50,0.11,Balatonfüred,MCP
73,0.16,Balatonfüred,MKSZU
20,0.04,Balatonfüred,EU. ROM
2246,4.91,Balatonfüred,LMP
8716,19.07,Balatonfüred,JOBBIK
20854,45.62,Balatonfüred,FIDESZ-KDNP
25,0.05,Veszprém,ÚMP
13009,27.64,Veszprém,MSZP-EGYÜTT-DK-PM-MLP
51,0.11,Veszprém,MCP
50,0.11,Veszprém,ÚDP
2904,6.17,Veszprém,LMP
304,0.65,Veszprém,SEM
332,0.71,Veszprém,JESZ
7759,16.48,Veszprém,JOBBIK
22194,47.15,Veszprém,FIDESZ-KDNP
262,0.56,Veszprém,A HAZA NEM ELADÓ
178,0.38,Veszprém,ÖP
33,0.07,Győr,ÚMP
235,0.53,Győr,JESZ
40,0.09,Győr,ÚDP
158,0.36,Győr,ÖP
21560,48.76,Győr,FIDESZ-KDNP
6364,14.39,Győr,JOBBIK
130,0.29,Győr,KTI
2468,5.58,Győr,LMP
191,0.43,Győr,MUNKÁSPÁRT
12893,29.16,Győr,MSZP-EGYÜTT-DK-PM-MLP
144,0.33,Győr,SZOCIÁLDEMOKRATÁK
110,0.22,Hatvan,SZOCIÁLDEMOKRATÁK
15,0.03,Hatvan,MDU
1114,2.26,Hatvan,LMP
55,0.11,Hatvan,MSZDP
54,0.11,Hatvan,KMSZ
20304,41.18,Hatvan,FIDESZ-KDNP
622,1.26,Hatvan,Független
31,0.06,Hatvan,"REND, SZABADSÁG"
15268,30.97,Hatvan,JOBBIK
94,0.19,Hatvan,ÖP
67,0.14,Hatvan,FKGP
166,0.34,Hatvan,SEM
13,0.03,Hatvan,HATMAP
21,0.04,Hatvan,NÉP
160,0.32,Hatvan,MCP
10797,21.90,Hatvan,MSZP-EGYÜTT-DK-PM-MLP
163,0.33,Hatvan,SMS
251,0.51,Hatvan,KTI
19286,49.66,Baja,FIDESZ-KDNP
58,0.15,Baja,MAJP
6792,17.49,Baja,JOBBIK
9954,25.63,Baja,MSZP-EGYÜTT-DK-PM-MLP
15,0.04,Baja,MCF
74,0.19,Baja,SZOCIÁLDEMOKRATÁK
1835,4.72,Baja,LMP
117,0.30,Baja,SMS
33,0.08,Baja,MKSZU
108,0.28,Baja,KTI
41,0.11,Baja,MGP
125,0.32,Baja,JESZ
245,0.63,Baja,MUNKÁSPÁRT
129,0.33,Baja,TEMPO
26,0.07,Baja,MACSEP
125,0.32,Kiskunhalas,EGYÜTT 2014
9659,24.47,Kiskunhalas,JOBBIK
24,0.06,Kiskunhalas,MACSEP
20228,51.25,Kiskunhalas,FIDESZ-KDNP
7297,18.49,Kiskunhalas,MSZP-EGYÜTT-DK-PM-MLP
90,0.23,Kiskunhalas,SZOCIÁLDEMOKRATÁK
26,0.07,Kiskunhalas,ÚDP
56,0.14,Kiskunhalas,MGP
741,1.88,Kiskunhalas,KTI
88,0.22,Kiskunhalas,SEM
913,2.31,Kiskunhalas,LMP
47,0.12,Kiskunhalas,TEMPO
172,0.44,Kiskunhalas,Független
13781,25.37,Eger,MSZP-EGYÜTT-DK-PM-MLP
15410,28.37,Eger,JOBBIK
121,0.22,Eger,ÖP
19,0.03,Eger,EU. ROM
21151,38.94,Eger,FIDESZ-KDNP
2528,4.65,Eger,LMP
269,0.50,Eger,A HAZA NEM ELADÓ
276,0.51,Eger,ZÖLDEK
228,0.42,Eger,SZOCIÁLDEMOKRATÁK
279,0.51,Eger,Független
249,0.46,Eger,MCP
92,0.17,Gyöngyös,FKGP
19159,35.78,Gyöngyös,JOBBIK
27,0.05,Gyöngyös,HATMAP
30,0.06,Gyöngyös,MSZDP
1360,2.54,Gyöngyös,LMP
91,0.17,Gyöngyös,SEM
15,0.03,Gyöngyös,"REND, SZABADSÁG"
75,0.14,Gyöngyös,EU. ROM
22,0.04,Gyöngyös,MDU
193,0.36,Gyöngyös,A HAZA NEM ELADÓ
11874,22.17,Gyöngyös,MSZP-EGYÜTT-DK-PM-MLP
283,0.53,Gyöngyös,KTI
90,0.17,Gyöngyös,MCP
80,0.15,Gyöngyös,SZOCIÁLDEMOKRATÁK
57,0.11,Gyöngyös,ÖP
19798,36.97,Gyöngyös,FIDESZ-KDNP
192,0.36,Gyöngyös,ZÖLDEK
115,0.21,Gyöngyös,SMS
333,0.77,Kecskemét,ÉLŐLÁNC
80,0.19,Kecskemét,TEMPO
7548,17.49,Kecskemét,JOBBIK
78,0.18,Kecskemét,MSZDP
219,0.51,Kecskemét,SEM
14,0.03,Kecskemét,MACSEP
93,0.22,Kecskemét,MCP
185,0.43,Kecskemét,JESZ
9446,21.88,Kecskemét,MSZP-EGYÜTT-DK-PM-MLP
22303,51.67,Kecskemét,FIDESZ-KDNP
83,0.19,Kecskemét,MGP
138,0.32,Kecskemét,KTI
2295,5.32,Kecskemét,LMP
347,0.80,Kecskemét,A HAZA NEM ELADÓ
1387,3.42,Kiskunfélegyháza,LMP
181,0.45,Kiskunfélegyháza,KTI
88,0.22,Kiskunfélegyháza,EGYÜTT 2014
23,0.06,Kiskunfélegyháza,HATMAP
7452,18.37,Kiskunfélegyháza,MSZP-EGYÜTT-DK-PM-MLP
34,0.08,Kiskunfélegyháza,MDU
493,1.22,Kiskunfélegyháza,SMS
20,0.05,Kiskunfélegyháza,"REND, SZABADSÁG"
10,0.02,Kiskunfélegyháza,MACSEP
60,0.15,Kiskunfélegyháza,ÚMP
8666,21.37,Kiskunfélegyháza,JOBBIK
175,0.43,Kiskunfélegyháza,SZOCIÁLDEMOKRATÁK
203,0.50,Kiskunfélegyháza,JESZ
21634,53.34,Kiskunfélegyháza,FIDESZ-KDNP
133,0.33,Kiskunfélegyháza,ÖP
220,0.55,Kecskemét,SMS
20558,51.34,Kecskemét,FIDESZ-KDNP
346,0.86,Kecskemét,ZÖLDEK
8204,20.49,Kecskemét,JOBBIK
103,0.26,Kecskemét,SZOCIÁLDEMOKRATÁK
32,0.08,Kecskemét,MACSEP
248,0.62,Kecskemét,KTI
7899,19.73,Kecskemét,MSZP-EGYÜTT-DK-PM-MLP
84,0.21,Kecskemét,TEMPO
2134,5.33,Kecskemét,LMP
99,0.25,Kecskemét,MCP
116,0.29,Kecskemét,ÖP
9397,22.93,Kalocsa,JOBBIK
48,0.12,Kalocsa,MCF
61,0.15,Kalocsa,TEMPO
23,0.06,Kalocsa,ÚDP
20833,50.84,Kalocsa,FIDESZ-KDNP
36,0.09,Kalocsa,MDU
159,0.39,Kalocsa,Független
23,0.06,Kalocsa,HATMAP
157,0.38,Kalocsa,KTI
186,0.45,Kalocsa,EGYÜTT 2014
1457,3.56,Kalocsa,LMP
30,0.07,Kalocsa,"REND, SZABADSÁG"
48,0.12,Kalocsa,MCP
8321,20.31,Kalocsa,MSZP-EGYÜTT-DK-PM-MLP
28,0.07,Kalocsa,ÚMP
25,0.06,Kalocsa,MACSEP
144,0.35,Kalocsa,SZOCIÁLDEMOKRATÁK
84,0.19,Sátoraljaújhely,A VÁLASZ
11561,26.40,Sátoraljaújhely,JOBBIK
1045,2.39,Sátoraljaújhely,LMP
15,0.03,Sátoraljaújhely,ÚDP
490,1.12,Sátoraljaújhely,MCP
9566,21.85,Sátoraljaújhely,MSZP-EGYÜTT-DK-PM-MLP
260,0.59,Sátoraljaújhely,SZOCIÁLDEMOKRATÁK
161,0.37,Sátoraljaújhely,FKGP
19932,45.52,Sátoraljaújhely,FIDESZ-KDNP
88,0.20,Sátoraljaújhely,EGYÜTT 2014
153,0.35,Sátoraljaújhely,A HAZA NEM ELADÓ
66,0.15,Sátoraljaújhely,ÖP
23,0.05,Sátoraljaújhely,EU. ROM
170,0.39,Sátoraljaújhely,JESZ
27,0.06,Sátoraljaújhely,ÚMP
147,0.34,Sátoraljaújhely,SMS
859,1.91,Kazincbarcika,LMP
92,0.20,Kazincbarcika,SZOCIÁLDEMOKRATÁK
227,0.50,Kazincbarcika,SMS
361,0.80,Kazincbarcika,MUNKÁSPÁRT
86,0.19,Kazincbarcika,SEM
49,0.11,Kazincbarcika,SZEM-NŐPÁRT
12563,27.95,Kazincbarcika,MSZP-EGYÜTT-DK-PM-MLP
12500,27.81,Kazincbarcika,JOBBIK
61,0.14,Kazincbarcika,ÖP
538,1.20,Kazincbarcika,MCP
8,0.02,Kazincbarcika,ÚMP
91,0.20,Kazincbarcika,KISGAZDAPÁRT-MIÉP
240,0.53,Kazincbarcika,JESZ
16696,37.14,Kazincbarcika,FIDESZ-KDNP
88,0.20,Kazincbarcika,MDU
43,0.10,Kazincbarcika,FKGP
66,0.15,Kazincbarcika,TBP
89,0.20,Kazincbarcika,EGYÜTT 2014
160,0.36,Kazincbarcika,A HAZA NEM ELADÓ
13,0.03,Kazincbarcika,ÚDP
122,0.27,Kazincbarcika,KTI
329,0.70,Miskolc,MUNKÁSPÁRT
1555,3.30,Miskolc,LMP
120,0.25,Miskolc,SZOCIÁLDEMOKRATÁK
165,0.35,Miskolc,SEM
83,0.18,Miskolc,MDU
334,0.71,Miskolc,MCP
14798,31.39,Miskolc,MSZP-EGYÜTT-DK-PM-MLP
58,0.12,Miskolc,FKGP
120,0.25,Miskolc,ÖP
3,0.01,Miskolc,MRPP
255,0.54,Miskolc,A HAZA NEM ELADÓ
14425,30.60,Miskolc,JOBBIK
14560,30.89,Miskolc,FIDESZ-KDNP
335,0.71,Miskolc,ZÖLDEK
248,0.61,Ózd,Nemzeti Forr.Párt
133,0.32,Ózd,A HAZA NEM ELADÓ
125,0.31,Ózd,SMS
350,0.85,Ózd,MCP
12148,29.64,Ózd,JOBBIK
80,0.20,Ózd,SEM
124,0.30,Ózd,Független
230,0.56,Ózd,FKGP
103,0.25,Ózd,SZDP
10146,24.76,Ózd,MSZP-EGYÜTT-DK-PM-MLP
612,1.49,Ózd,LMP
15473,37.76,Ózd,FIDESZ-KDNP
133,0.32,Ózd,JESZ
46,0.11,Ózd,KTI
18,0.04,Ózd,ÚDP
13,0.03,Ózd,ÚMP
183,0.45,Ózd,EGYÜTT 2014
474,1.16,Ózd,MUNKÁSPÁRT
341,0.83,Ózd,SZOCIÁLDEMOKRATÁK
178,0.43,Békés,SZOCIÁLDEMOKRATÁK
7925,19.00,Békés,MSZP-EGYÜTT-DK-PM-MLP
88,0.21,Békés,MACSEP
99,0.24,Békés,MSZDP
19942,47.80,Békés,FIDESZ-KDNP
69,0.17,Békés,ÚMP
182,0.44,Békés,KTI
1576,3.78,Békés,LMP
59,0.14,Békés,NEMZETI ÉRDEKÉRT
534,1.28,Békés,A HAZA NEM ELADÓ
19,0.05,Békés,ÚDP
90,0.22,Békés,ÖP
10958,26.27,Békés,JOBBIK
654,1.59,Gyula,Független
9378,22.74,Gyula,MSZP-EGYÜTT-DK-PM-MLP
46,0.11,Gyula,MCP
24,0.06,Gyula,MKSZU
118,0.29,Gyula,SEM
19315,46.83,Gyula,FIDESZ-KDNP
10,0.02,Gyula,ÚDP
1101,2.67,Gyula,LMP
2357,5.71,Gyula,A HAZA NEM ELADÓ
7579,18.38,Gyula,JOBBIK
24,0.06,Gyula,ÚMP
23,0.06,Gyula,MACSEP
13,0.03,Gyula,NEMZETI ÉRDEKÉRT
43,0.10,Gyula,ÖP
135,0.33,Gyula,SMS
423,1.03,Gyula,MUNKÁSPÁRT
1487,3.25,Orosháza,LMP
20789,45.39,Orosháza,FIDESZ-KDNP
10403,22.71,Orosháza,JOBBIK
51,0.11,Orosháza,SZOCIÁLDEMOKRATÁK
108,0.24,Orosháza,MCP
28,0.06,Orosháza,HATMAP
127,0.28,Orosháza,SZDP
25,0.05,Orosháza,MDU
180,0.39,Orosháza,Független
61,0.13,Orosháza,ÖP
22,0.05,Orosháza,ÚMP
28,0.06,Orosháza,MACSEP
657,1.43,Orosháza,MUNKÁSPÁRT
10,0.02,Orosháza,MCF
10738,23.44,Orosháza,MSZP-EGYÜTT-DK-PM-MLP
341,0.74,Orosháza,SMS
31,0.07,Orosháza,"REND, SZABADSÁG"
93,0.20,Orosháza,EGYÜTT 2014
598,1.31,Orosháza,A HAZA NEM ELADÓ
28,0.06,Orosháza,ÚDP
182,0.37,Miskolc,EGYÜTT 2014
298,0.60,Miskolc,ZÖLDEK
15050,30.53,Miskolc,JOBBIK
18,0.04,Miskolc,TBP
117,0.24,Miskolc,ÖP
12,0.02,Miskolc,REND PÁRT
208,0.42,Miskolc,SEM
338,0.69,Miskolc,MUNKÁSPÁRT
16602,33.68,Miskolc,FIDESZ-KDNP
68,0.14,Miskolc,FKGP
15,0.03,Miskolc,ÚDP
106,0.22,Miskolc,SZOCIÁLDEMOKRATÁK
4,0.01,Miskolc,MRPP
285,0.58,Miskolc,MCP
14072,28.55,Miskolc,MSZP-EGYÜTT-DK-PM-MLP
1624,3.29,Miskolc,LMP
259,0.53,Miskolc,A HAZA NEM ELADÓ
33,0.07,Miskolc,ÚMP
699,1.58,Székesfehérvár,SMS
8415,19.04,Székesfehérvár,MSZP-EGYÜTT-DK-PM-MLP
159,0.36,Székesfehérvár,KTI
174,0.39,Székesfehérvár,EGYÜTT 2014
189,0.43,Székesfehérvár,JESZ
73,0.17,Székesfehérvár,MCF
9668,21.88,Székesfehérvár,JOBBIK
499,1.13,Székesfehérvár,ZÖLDEK
1944,4.40,Székesfehérvár,LMP
25,0.06,Székesfehérvár,MCP
22177,50.18,Székesfehérvár,FIDESZ-KDNP
170,0.38,Székesfehérvár,SZOCIÁLDEMOKRATÁK
147,0.33,Békéscsaba,ÖP
433,0.97,Békéscsaba,MUNKÁSPÁRT
2678,5.99,Békéscsaba,LMP
279,0.62,Békéscsaba,SEM
121,0.27,Békéscsaba,JESZ
21,0.05,Békéscsaba,MACSEP
51,0.11,Békéscsaba,ÚDP
86,0.19,Békéscsaba,SZOCIÁLDEMOKRATÁK
275,0.62,Békéscsaba,SMS
709,1.59,Békéscsaba,A HAZA NEM ELADÓ
12161,27.22,Békéscsaba,MSZP-EGYÜTT-DK-PM-MLP
33,0.07,Békéscsaba,ÚMP
9273,20.76,Békéscsaba,JOBBIK
18364,41.10,Békéscsaba,FIDESZ-KDNP
45,0.10,Békéscsaba,NEMZETI ÉRDEKÉRT
2677,5.98,Bicske,LMP
8021,17.92,Bicske,JOBBIK
345,0.77,Bicske,FKGP
9534,21.30,Bicske,MSZP-EGYÜTT-DK-PM-MLP
22571,50.43,Bicske,FIDESZ-KDNP
106,0.24,Bicske,SZOCIÁLDEMOKRATÁK
233,0.52,Bicske,SMS
159,0.36,Bicske,KTI
337,0.75,Bicske,MUNKÁSPÁRT
232,0.52,Bicske,SEM
204,0.46,Bicske,EGYÜTT 2014
15,0.03,Bicske,ÚMP
150,0.34,Bicske,MGP
136,0.30,Bicske,JESZ
39,0.09,Bicske,MCF
11610,24.27,Szentes,JOBBIK
667,1.39,Szentes,Független
59,0.12,Szentes,MCP
542,1.13,Szentes,A HAZA NEM ELADÓ
318,0.66,Szentes,ZÖLDEK
1794,3.75,Szentes,LMP
21911,45.80,Szentes,FIDESZ-KDNP
149,0.31,Szentes,FKGP
10201,21.32,Szentes,MSZP-EGYÜTT-DK-PM-MLP
594,1.24,Szentes,SMS
49,0.11,Székesfehérvár,ÚDP
253,0.57,Székesfehérvár,KTI
7450,16.81,Székesfehérvár,JOBBIK
2725,6.15,Székesfehérvár,LMP
13407,30.25,Székesfehérvár,MSZP-EGYÜTT-DK-PM-MLP
37,0.08,Székesfehérvár,MNP
231,0.52,Székesfehérvár,JESZ
75,0.17,Székesfehérvár,MCP
19602,44.22,Székesfehérvár,FIDESZ-KDNP
211,0.48,Székesfehérvár,SZOCIÁLDEMOKRATÁK
285,0.64,Székesfehérvár,A HAZA NEM ELADÓ
16952,32.08,Szeged,MSZP-EGYÜTT-DK-PM-MLP
435,0.82,Szeged,A HAZA NEM ELADÓ
8160,15.44,Szeged,JOBBIK
252,0.48,Szeged,EP
130,0.25,Szeged,MDU
3475,6.58,Szeged,LMP
269,0.51,Szeged,MGP
23171,43.85,Szeged,FIDESZ-KDNP
17346,33.98,Szeged,FIDESZ-KDNP
86,0.17,Szeged,MGP
61,0.12,Szeged,MCP
7463,14.62,Szeged,JOBBIK
15,0.03,Szeged,MCF
358,0.70,Szeged,EGYÜTT 2014
43,0.08,Szeged,ÚDP
205,0.40,Szeged,FKGP
55,0.11,Szeged,NEMZETI ÉRDEKÉRT
20131,39.43,Szeged,MSZP-EGYÜTT-DK-PM-MLP
34,0.07,Szeged,MDU
129,0.25,Szeged,SZOCIÁLDEMOKRATÁK
409,0.80,Szeged,ZÖLDEK
390,0.76,Szeged,A HAZA NEM ELADÓ
141,0.28,Szeged,KTI
3956,7.75,Szeged,LMP
227,0.44,Szeged,4K!
200,0.40,Tatabánya,JESZ
22,0.04,Tatabánya,MCF
123,0.25,Tatabánya,SZDP
59,0.12,Tatabánya,MSZDP
2473,4.95,Tatabánya,LMP
204,0.41,Tatabánya,SEM
21,0.04,Tatabánya,MCP
155,0.31,Tatabánya,4K!
21434,42.89,Tatabánya,FIDESZ-KDNP
141,0.28,Tatabánya,KTI
252,0.50,Tatabánya,ZÖLDEK
563,1.13,Tatabánya,A HAZA NEM ELADÓ
362,0.72,Tatabánya,MUNKÁSPÁRT
7868,15.74,Tatabánya,JOBBIK
102,0.20,Tatabánya,ÖP
43,0.09,Tatabánya,KMSZ
15954,31.92,Tatabánya,MSZP-EGYÜTT-DK-PM-MLP
1136,2.85,Hajdúböszörmény,LMP
67,0.17,Hajdúböszörmény,SZDP
6,0.02,Hajdúböszörmény,MRPP
143,0.36,Hajdúböszörmény,ZÖLDEK
353,0.89,Hajdúböszörmény,A HAZA NEM ELADÓ
125,0.31,Hajdúböszörmény,FKGP
7174,18.01,Hajdúböszörmény,MSZP-EGYÜTT-DK-PM-MLP
102,0.26,Hajdúböszörmény,JESZ
18,0.05,Hajdúböszörmény,ÚDP
22,0.06,Hajdúböszörmény,TEMPO
10828,27.18,Hajdúböszörmény,JOBBIK
18982,47.65,Hajdúböszörmény,FIDESZ-KDNP
76,0.19,Hajdúböszörmény,EGYÜTT 2014
127,0.32,Hajdúböszörmény,ÖP
88,0.22,Hajdúböszörmény,SZOCIÁLDEMOKRATÁK
35,0.09,Hajdúböszörmény,ÚMP
51,0.13,Hajdúböszörmény,MACSEP
254,0.64,Hajdúböszörmény,MCP
80,0.20,Hajdúböszörmény,SEM
169,0.42,Hajdúböszörmény,SMS
1028,2.72,Berettyóújfalu,LMP
228,0.60,Berettyóújfalu,SMS
108,0.29,Berettyóújfalu,JESZ
6985,18.51,Berettyóújfalu,MSZP-EGYÜTT-DK-PM-MLP
17799,47.18,Berettyóújfalu,FIDESZ-KDNP
10873,28.82,Berettyóújfalu,JOBBIK
81,0.21,Berettyóújfalu,MCP
453,1.20,Berettyóújfalu,Független
145,0.38,Berettyóújfalu,SZOCIÁLDEMOKRATÁK
27,0.07,Berettyóújfalu,EU. ROM
44,0.11,Hajdúszoboszló,Független
20,0.05,Hajdúszoboszló,ÚDP
749,1.89,Hajdúszoboszló,JESZ
17657,44.46,Hajdúszoboszló,FIDESZ-KDNP
11070,27.88,Hajdúszoboszló,JOBBIK
44,0.11,Hajdúszoboszló,ÖP
9,0.02,Hajdúszoboszló,MACSEP
1126,2.84,Hajdúszoboszló,LMP
84,0.21,Hajdúszoboszló,KTI
64,0.16,Hajdúszoboszló,Független
80,0.20,Hajdúszoboszló,Független
381,0.96,Hajdúszoboszló,SMS
5,0.01,Hajdúszoboszló,MRPP
79,0.20,Hajdúszoboszló,MCP
7317,18.42,Hajdúszoboszló,MSZP-EGYÜTT-DK-PM-MLP
122,0.31,Hajdúszoboszló,Független
37,0.09,Hajdúszoboszló,NEMZETI ÉRDEKÉRT
22,0.06,Hajdúszoboszló,EU. ROM
149,0.38,Hajdúszoboszló,TEMPO
235,0.59,Hajdúszoboszló,SZOCIÁLDEMOKRATÁK
419,1.06,Hajdúszoboszló,A HAZA NEM ELADÓ
2418,5.41,Debrecen,LMP
407,0.91,Debrecen,A HAZA NEM ELADÓ
21013,47.06,Debrecen,FIDESZ-KDNP
7805,17.48,Debrecen,JOBBIK
133,0.30,Debrecen,JESZ
63,0.14,Debrecen,MGP
12012,26.90,Debrecen,MSZP-EGYÜTT-DK-PM-MLP
90,0.20,Debrecen,SZDP
68,0.15,Debrecen,SZOCIÁLDEMOKRATÁK
496,1.11,Debrecen,ZÖLDEK
150,0.34,Debrecen,ÖP
343,0.82,Debrecen,A HAZA NEM ELADÓ
7288,17.41,Debrecen,MSZP-EGYÜTT-DK-PM-MLP
1300,3.11,Debrecen,LMP
256,0.61,Debrecen,MCP
210,0.50,Debrecen,SMS
10441,24.94,Debrecen,JOBBIK
65,0.16,Debrecen,MACSEP
21619,51.64,Debrecen,FIDESZ-KDNP
50,0.12,Debrecen,MKSZU
88,0.21,Debrecen,SZOCIÁLDEMOKRATÁK
19,0.05,Debrecen,MRPP
112,0.27,Debrecen,ÖP
71,0.17,Debrecen,JESZ
9651,22.09,Debrecen,JOBBIK
374,0.86,Debrecen,SMS
2363,5.41,Debrecen,LMP
236,0.54,Debrecen,KISGAZDAPÁRT-MIÉP
10501,24.03,Debrecen,MSZP-EGYÜTT-DK-PM-MLP
165,0.38,Debrecen,JESZ
377,0.86,Debrecen,SEM
178,0.41,Debrecen,SZOCIÁLDEMOKRATÁK
19847,45.42,Debrecen,FIDESZ-KDNP
56,0.13,Törökszentmiklós,MDU
83,0.19,Törökszentmiklós,MCP
74,0.17,Törökszentmiklós,SZOCIÁLDEMOKRATÁK
117,0.27,Törökszentmiklós,FKGP
13436,30.62,Törökszentmiklós,JOBBIK
18524,42.21,Törökszentmiklós,FIDESZ-KDNP
94,0.21,Törökszentmiklós,JESZ
490,1.12,Törökszentmiklós,MUNKÁSPÁRT
294,0.67,Törökszentmiklós,A HAZA NEM ELADÓ
1128,2.57,Törökszentmiklós,LMP
9386,21.39,Törökszentmiklós,MSZP-EGYÜTT-DK-PM-MLP
202,0.46,Törökszentmiklós,SMS
134,0.32,Jászberény,KTI
344,0.81,Jászberény,Független
12783,30.06,Jászberény,JOBBIK
269,0.63,Jászberény,MUNKÁSPÁRT
1027,2.42,Jászberény,LMP
25,0.06,Jászberény,NEMZETI ÉRDEKÉRT
24,0.06,Jászberény,MGP
131,0.31,Jászberény,SZOCIÁLDEMOKRATÁK
172,0.40,Jászberény,A HAZA NEM ELADÓ
210,0.49,Jászberény,JESZ
8594,20.21,Jászberény,MSZP-EGYÜTT-DK-PM-MLP
183,0.43,Jászberény,SMS
18200,42.80,Jászberény,FIDESZ-KDNP
56,0.13,Jászberény,ÖP
367,0.86,Jászberény,FKGP
226,0.50,Karcag,SMS
263,0.59,Karcag,A HAZA NEM ELADÓ
948,2.12,Karcag,LMP
12,0.03,Karcag,ÚMP
85,0.19,Karcag,MCP
11511,25.69,Karcag,JOBBIK
72,0.16,Karcag,ÖP
7719,17.22,Karcag,MSZP-EGYÜTT-DK-PM-MLP
23201,51.77,Karcag,FIDESZ-KDNP
434,0.97,Karcag,MUNKÁSPÁRT
20,0.04,Karcag,NEMZETI ÉRDEKÉRT
83,0.19,Karcag,JESZ
161,0.36,Karcag,SZOCIÁLDEMOKRATÁK
80,0.18,Karcag,FKGP
13157,25.63,Szolnok,JOBBIK
212,0.41,Szolnok,FKGP
14574,28.39,Szolnok,MSZP-EGYÜTT-DK-PM-MLP
51,0.10,Szolnok,AQP
126,0.25,Szolnok,MCP
604,1.18,Szolnok,MUNKÁSPÁRT
112,0.22,Szolnok,MGP
176,0.34,Szolnok,SZOCIÁLDEMOKRATÁK
148,0.29,Szolnok,JESZ
19146,37.30,Szolnok,FIDESZ-KDNP
2303,4.49,Szolnok,LMP
393,0.77,Szolnok,SMS
296,0.58,Szolnok,A HAZA NEM ELADÓ
37,0.07,Szolnok,NEMZETI ÉRDEKÉRT
